<?xml version="1.0" encoding="UTF-8"?>
<questestinterop xmlns="http://www.imsglobal.org/xsd/ims_qtiasiv1p2" xmlns:xsi="http://www.w3.org/2001/XMLSchema-instance" xsi:schemaLocation="http://www.imsglobal.org/xsd/ims_qtiasiv1p2 http://www.imsglobal.org/xsd/ims_qtiasiv1p2p1.xsd">
  <assessment ident="g61123201e3c44325b3ce932f779f28b2" title="I2ReassessW13">
    <qtimetadata>
      <qtimetadatafield>
        <fieldlabel>qmd_timelimit</fieldlabel>
        <fieldentry>10</fieldentry>
      </qtimetadatafield>
      <qtimetadatafield>
        <fieldlabel>cc_maxattempts</fieldlabel>
        <fieldentry>1</fieldentry>
      </qtimetadatafield>
    </qtimetadata>
    <section ident="root_section">
      <item ident="gf6c561ba086bb70e53a0a34a9e26ed10" title="I2Reassess">
        <itemmetadata>
          <qtimetadata>
            <qtimetadatafield>
              <fieldlabel>question_type</fieldlabel>
              <fieldentry>multiple_answers_question</fieldentry>
            </qtimetadatafield>
            <qtimetadatafield>
              <fieldlabel>points_possible</fieldlabel>
              <fieldentry>1.0</fieldentry>
            </qtimetadatafield>
            <qtimetadatafield>
              <fieldlabel>original_answer_ids</fieldlabel>
              <fieldentry>236,5568,8353,6952,7898,1453,8617</fieldentry>
            </qtimetadatafield>
            <qtimetadatafield>
              <fieldlabel>assessment_question_identifierref</fieldlabel>
              <fieldentry>g7bc08225f19a8f23b95024c9c8bfc19d</fieldentry>
            </qtimetadatafield>
          </qtimetadata>
        </itemmetadata>
        <presentation>
          <material>
            <mattext texttype="text/html">&lt;div&gt;&lt;p&gt;Select &lt;strong&gt;all&lt;/strong&gt; of the following that could be used to approximate &lt;img class="equation_image" title="\displaystyle \int_0^2 x^2 \, dx" src="https://colostate.instructure.com/equation_images/%255Cdisplaystyle%2520%255Cint_0%255E2%2520x%255E2%2520%255C%252C%2520dx" alt="LaTeX: \displaystyle \int_0^2 x^2 \, dx" data-equation-content="\displaystyle \int_0^2 x^2 \, dx"&gt; with step size &lt;img class="equation_image" title="\Delta x = 0.5" src="https://colostate.instructure.com/equation_images/%255CDelta%2520x%2520%253D%25200.5" alt="LaTeX: \Delta x = 0.5" data-equation-content="\Delta x = 0.5"&gt;.&lt;/p&gt;&lt;/div&gt;</mattext>
          </material>
          <response_lid ident="response1" rcardinality="Multiple">
            <render_choice>
              <response_label ident="236">
                <material>
                  <mattext texttype="text/html">&lt;p&gt;&lt;img class="equation_image" title="\displaystyle \sum_{i = 0}^3 (x_i)^2" src="https://colostate.instructure.com/equation_images/%255Cdisplaystyle%2520%255Csum_%257Bi%2520%253D%25200%257D%255E3%2520(x_i)%255E2" alt="LaTeX: \displaystyle \sum_{i = 0}^3 (x_i)^2" data-equation-content="\displaystyle \sum_{i = 0}^3 (x_i)^2"&gt;&lt;/p&gt;</mattext>
                </material>
              </response_label>
              <response_label ident="5568">
                <material>
                  <mattext texttype="text/html">&lt;p&gt;&lt;img class="equation_image" title="\displaystyle \sum_{i=1}^4 (x_i)^2 \Delta x" src="https://colostate.instructure.com/equation_images/%255Cdisplaystyle%2520%255Csum_%257Bi%253D1%257D%255E4%2520(x_i)%255E2%2520%255CDelta%2520x" alt="LaTeX: \displaystyle \sum_{i=1}^4 (x_i)^2 \Delta x" data-equation-content="\displaystyle \sum_{i=1}^4 (x_i)^2 \Delta x"&gt;&lt;/p&gt;</mattext>
                </material>
              </response_label>
              <response_label ident="8353">
                <material>
                  <mattext texttype="text/html">&lt;p&gt;&lt;img class="equation_image" title="\displaystyle \sum_{i=0}^3 \left( \frac{i}{2} \right)^2 \Delta x" src="https://colostate.instructure.com/equation_images/%255Cdisplaystyle%2520%255Csum_%257Bi%253D0%257D%255E3%2520%255Cleft(%2520%255Cfrac%257Bi%257D%257B2%257D%2520%255Cright)%255E2%2520%255CDelta%2520x" alt="LaTeX: \displaystyle \sum_{i=0}^3 \left( \frac{i}{2} \right)^2 \Delta x" data-equation-content="\displaystyle \sum_{i=0}^3 \left( \frac{i}{2} \right)^2 \Delta x"&gt;&lt;/p&gt;</mattext>
                </material>
              </response_label>
              <response_label ident="6952">
                <material>
                  <mattext texttype="text/html">&lt;p&gt;&lt;img class="equation_image" title="\displaystyle \sum_{i=1}^3 i^2 \Delta x" src="https://colostate.instructure.com/equation_images/%255Cdisplaystyle%2520%255Csum_%257Bi%253D1%257D%255E3%2520i%255E2%2520%255CDelta%2520x" alt="LaTeX: \displaystyle \sum_{i=1}^3 i^2 \Delta x" data-equation-content="\displaystyle \sum_{i=1}^3 i^2 \Delta x"&gt;&lt;/p&gt;</mattext>
                </material>
              </response_label>
              <response_label ident="7898">
                <material>
                  <mattext texttype="text/html">&lt;p&gt;&lt;img class="equation_image" title="\displaystyle \sum_{i=0}^3 \left( \frac{i+1}{2} \right)^2 \left( \frac{1}{2} \right)" src="https://colostate.instructure.com/equation_images/%255Cdisplaystyle%2520%255Csum_%257Bi%253D0%257D%255E3%2520%255Cleft(%2520%255Cfrac%257Bi%252B1%257D%257B2%257D%2520%255Cright)%255E2%2520%255Cleft(%2520%255Cfrac%257B1%257D%257B2%257D%2520%255Cright)" alt="LaTeX: \displaystyle \sum_{i=0}^3 \left( \frac{i+1}{2} \right)^2 \left( \frac{1}{2} \right)" data-equation-content="\displaystyle \sum_{i=0}^3 \left( \frac{i+1}{2} \right)^2 \left( \frac{1}{2} \right)"&gt;&lt;/p&gt;</mattext>
                </material>
              </response_label>
              <response_label ident="1453">
                <material>
                  <mattext texttype="text/html">&lt;p&gt;&lt;img class="equation_image" title="\displaystyle \sum_{i=0}^4 (x_i)^2 \Delta x" src="https://colostate.instructure.com/equation_images/%255Cdisplaystyle%2520%255Csum_%257Bi%253D0%257D%255E4%2520(x_i)%255E2%2520%255CDelta%2520x" alt="LaTeX: \displaystyle \sum_{i=0}^4 (x_i)^2 \Delta x" data-equation-content="\displaystyle \sum_{i=0}^4 (x_i)^2 \Delta x"&gt;&lt;/p&gt;</mattext>
                </material>
              </response_label>
              <response_label ident="8617">
                <material>
                  <mattext texttype="text/html">&lt;p&gt;&lt;img class="equation_image" title="\displaystyle \sum_{i=1}^4 \left( \frac{i-1}{2} \right)^2" src="https://colostate.instructure.com/equation_images/%255Cdisplaystyle%2520%255Csum_%257Bi%253D1%257D%255E4%2520%255Cleft(%2520%255Cfrac%257Bi-1%257D%257B2%257D%2520%255Cright)%255E2" alt="LaTeX: \displaystyle \sum_{i=1}^4 \left( \frac{i-1}{2} \right)^2" data-equation-content="\displaystyle \sum_{i=1}^4 \left( \frac{i-1}{2} \right)^2"&gt;&lt;/p&gt;</mattext>
                </material>
              </response_label>
            </render_choice>
          </response_lid>
        </presentation>
        <resprocessing>
          <outcomes>
            <decvar maxvalue="100" minvalue="0" varname="SCORE" vartype="Decimal"/>
          </outcomes>
          <respcondition continue="No">
            <conditionvar>
              <and>
                <not>
                  <varequal respident="response1">236</varequal>
                </not>
                <varequal respident="response1">5568</varequal>
                <varequal respident="response1">8353</varequal>
                <not>
                  <varequal respident="response1">6952</varequal>
                </not>
                <varequal respident="response1">7898</varequal>
                <not>
                  <varequal respident="response1">1453</varequal>
                </not>
                <not>
                  <varequal respident="response1">8617</varequal>
                </not>
              </and>
            </conditionvar>
            <setvar action="Set" varname="SCORE">100</setvar>
          </respcondition>
        </resprocessing>
      </item>
    </section>
  </assessment>
</questestinterop>
