<?xml version="1.0" encoding="UTF-8"?>
<questestinterop xmlns="http://www.imsglobal.org/xsd/ims_qtiasiv1p2" xmlns:xsi="http://www.w3.org/2001/XMLSchema-instance" xsi:schemaLocation="http://www.imsglobal.org/xsd/ims_qtiasiv1p2 http://www.imsglobal.org/xsd/ims_qtiasiv1p2p1.xsd">
  <assessment ident="g8483d65145431f7faeaf8418523af49f" title="I6ReassessW13">
    <qtimetadata>
      <qtimetadatafield>
        <fieldlabel>qmd_timelimit</fieldlabel>
        <fieldentry>10</fieldentry>
      </qtimetadatafield>
      <qtimetadatafield>
        <fieldlabel>cc_maxattempts</fieldlabel>
        <fieldentry>1</fieldentry>
      </qtimetadatafield>
    </qtimetadata>
    <section ident="root_section">
      <item ident="g6a2aa132786456a7dc37cb9a0a61f627" title="Question">
        <itemmetadata>
          <qtimetadata>
            <qtimetadatafield>
              <fieldlabel>question_type</fieldlabel>
              <fieldentry>multiple_choice_question</fieldentry>
            </qtimetadatafield>
            <qtimetadatafield>
              <fieldlabel>points_possible</fieldlabel>
              <fieldentry>1.0</fieldentry>
            </qtimetadatafield>
            <qtimetadatafield>
              <fieldlabel>original_answer_ids</fieldlabel>
              <fieldentry>172,490,7159</fieldentry>
            </qtimetadatafield>
            <qtimetadatafield>
              <fieldlabel>assessment_question_identifierref</fieldlabel>
              <fieldentry>g2fc8405e08f42e6a0e795919f4d5fa59</fieldentry>
            </qtimetadatafield>
          </qtimetadata>
        </itemmetadata>
        <presentation>
          <material>
            <mattext texttype="text/html">&lt;div&gt;&lt;p&gt;Alfonso is skydiving. While he is in free-fall (only gravity and wind resistance are acting on him) his acceleration is given by &lt;img class="equation_image" title="a\left(t\right)" src="https://colostate.instructure.com/equation_images/a%255Cleft(t%255Cright)" alt="LaTeX: a\left(t\right)" data-equation-content="a\left(t\right)"&gt;, his velocity by &lt;img class="equation_image" title="v(t)" src="https://colostate.instructure.com/equation_images/v(t)" alt="LaTeX: v(t)" data-equation-content="v(t)"&gt;, and his position by &lt;img class="equation_image" title="h(t)" src="https://colostate.instructure.com/equation_images/h(t)" alt="LaTeX: h(t)" data-equation-content="h(t)"&gt;, where &lt;img class="equation_image" title="t" src="https://colostate.instructure.com/equation_images/t" alt="LaTeX: t" data-equation-content="t"&gt; is in seconds. Which of the following represent his change in velocity over the first 10 seconds after he jumps out of the airplane?&lt;/p&gt;&lt;/div&gt;</mattext>
          </material>
          <response_lid ident="response1" rcardinality="Single">
            <render_choice>
              <response_label ident="172">
                <material>
                  <mattext texttype="text/html">&lt;p&gt;&lt;img class="equation_image" title="\displaystyle \int_0^{10} h(t) \, dt" src="https://colostate.instructure.com/equation_images/%255Cdisplaystyle%2520%255Cint_0%255E%257B10%257D%2520h(t)%2520%255C%252C%2520dt" alt="LaTeX: \displaystyle \int_0^{10} h(t) \, dt" data-equation-content="\displaystyle \int_0^{10} h(t) \, dt"&gt;&lt;/p&gt;</mattext>
                </material>
              </response_label>
              <response_label ident="490">
                <material>
                  <mattext texttype="text/html">&lt;p&gt;&lt;img class="equation_image" title="\displaystyle \int_0^{10} v(t) \, dt" src="https://colostate.instructure.com/equation_images/%255Cdisplaystyle%2520%255Cint_0%255E%257B10%257D%2520v(t)%2520%255C%252C%2520dt" alt="LaTeX: \displaystyle \int_0^{10} v(t) \, dt" data-equation-content="\displaystyle \int_0^{10} v(t) \, dt"&gt;&lt;/p&gt;</mattext>
                </material>
              </response_label>
              <response_label ident="7159">
                <material>
                  <mattext texttype="text/html">&lt;p&gt;&lt;img class="equation_image" title="\displaystyle \int_0^{10} a(t) \, dt" src="https://colostate.instructure.com/equation_images/%255Cdisplaystyle%2520%255Cint_0%255E%257B10%257D%2520a(t)%2520%255C%252C%2520dt" alt="LaTeX: \displaystyle \int_0^{10} a(t) \, dt" data-equation-content="\displaystyle \int_0^{10} a(t) \, dt"&gt;&lt;/p&gt;</mattext>
                </material>
              </response_label>
            </render_choice>
          </response_lid>
        </presentation>
        <resprocessing>
          <outcomes>
            <decvar maxvalue="100" minvalue="0" varname="SCORE" vartype="Decimal"/>
          </outcomes>
          <respcondition continue="No">
            <conditionvar>
              <varequal respident="response1">7159</varequal>
            </conditionvar>
            <setvar action="Set" varname="SCORE">100</setvar>
          </respcondition>
        </resprocessing>
      </item>
    </section>
  </assessment>
</questestinterop>
