<?xml version="1.0" encoding="UTF-8"?>
<quiz identifier="g3d70c5c532ba8ce49741a4478a8f20e5" xmlns="http://canvas.instructure.com/xsd/cccv1p0" xmlns:xsi="http://www.w3.org/2001/XMLSchema-instance" xsi:schemaLocation="http://canvas.instructure.com/xsd/cccv1p0 https://canvas.instructure.com/xsd/cccv1p0.xsd">
  <title>AGP12</title>
  <description>&lt;p&gt;You will get points for AGP12 for completing the Course Survey.  The survey results will be made available to your instructor well after the class ends and grades are submitted.  Instructors use the comments as a way to improve their teaching in future semesters.&lt;/p&gt;
&lt;p&gt;To access the course survey, follow the link in the course navigation menu.&lt;/p&gt;
&lt;p&gt;&lt;img src="%24IMS-CC-FILEBASE%24/CourseSurvey.png" alt="CourseSurvey.png" width="292" height="140"&gt;&lt;/p&gt;
&lt;p&gt; &lt;/p&gt;
&lt;p&gt;Once you have completed the survey, please return here and answer the quiz question.  Please do this by December 11th.&lt;/p&gt;
&lt;p&gt; &lt;/p&gt;
&lt;p&gt; &lt;/p&gt;</description>
  <due_at>2020-12-11T23:30:00</due_at>
  <shuffle_answers>false</shuffle_answers>
  <scoring_policy>keep_highest</scoring_policy>
  <hide_results></hide_results>
  <quiz_type>assignment</quiz_type>
  <points_possible>1.0</points_possible>
  <require_lockdown_browser>false</require_lockdown_browser>
  <require_lockdown_browser_for_results>false</require_lockdown_browser_for_results>
  <require_lockdown_browser_monitor>false</require_lockdown_browser_monitor>
  <lockdown_browser_monitor_data/>
  <show_correct_answers>true</show_correct_answers>
  <anonymous_submissions>false</anonymous_submissions>
  <could_be_locked>false</could_be_locked>
  <disable_timer_autosubmission>false</disable_timer_autosubmission>
  <allowed_attempts>-1</allowed_attempts>
  <one_question_at_a_time>false</one_question_at_a_time>
  <cant_go_back>false</cant_go_back>
  <available>false</available>
  <one_time_results>false</one_time_results>
  <show_correct_answers_last_attempt>false</show_correct_answers_last_attempt>
  <only_visible_to_overrides>false</only_visible_to_overrides>
  <module_locked>false</module_locked>
  <assignment identifier="g58eece35c6baaee2f7e230803f7d5e02">
    <title>AGP12</title>
    <due_at>2020-12-11T23:30:00</due_at>
    <lock_at/>
    <unlock_at/>
    <module_locked>false</module_locked>
    <all_day_date>2020-12-11</all_day_date>
    <workflow_state>unpublished</workflow_state>
    <assignment_overrides>
    </assignment_overrides>
    <quiz_identifierref>g3d70c5c532ba8ce49741a4478a8f20e5</quiz_identifierref>
    <allowed_extensions></allowed_extensions>
    <has_group_category>false</has_group_category>
    <points_possible>1.0</points_possible>
    <grading_type>points</grading_type>
    <all_day>false</all_day>
    <submission_types>online_quiz</submission_types>
    <position>20</position>
    <turnitin_enabled>false</turnitin_enabled>
    <vericite_enabled>false</vericite_enabled>
    <peer_review_count>0</peer_review_count>
    <peer_reviews>false</peer_reviews>
    <automatic_peer_reviews>false</automatic_peer_reviews>
    <anonymous_peer_reviews>false</anonymous_peer_reviews>
    <grade_group_students_individually>false</grade_group_students_individually>
    <freeze_on_copy>false</freeze_on_copy>
    <omit_from_final_grade>false</omit_from_final_grade>
    <intra_group_peer_reviews>false</intra_group_peer_reviews>
    <only_visible_to_overrides>false</only_visible_to_overrides>
    <post_to_sis>false</post_to_sis>
    <moderated_grading>false</moderated_grading>
    <grader_count>0</grader_count>
    <grader_comments_visible_to_graders>true</grader_comments_visible_to_graders>
    <anonymous_grading>false</anonymous_grading>
    <graders_anonymous_to_graders>false</graders_anonymous_to_graders>
    <grader_names_visible_to_final_grader>true</grader_names_visible_to_final_grader>
    <anonymous_instructor_annotations>false</anonymous_instructor_annotations>
    <post_policy>
      <post_manually>false</post_manually>
    </post_policy>
  </assignment>
  <assignment_group_identifierref>g510344d7ae5d03c519119562b3008e23</assignment_group_identifierref>
  <assignment_overrides>
  </assignment_overrides>
</quiz>
