<?xml version="1.0" encoding="UTF-8"?>
<manifest identifier="g789e72738f604d27809b258a919729a4" xmlns="http://www.imsglobal.org/xsd/imsccv1p1/imscp_v1p1" xmlns:lom="http://ltsc.ieee.org/xsd/imsccv1p1/LOM/resource" xmlns:imsmd="http://www.imsglobal.org/xsd/imsmd_v1p2" xmlns:xsi="http://www.w3.org/2001/XMLSchema-instance" xsi:schemaLocation="http://www.imsglobal.org/xsd/imsccv1p1/imscp_v1p1 http://www.imsglobal.org/xsd/imscp_v1p1.xsd http://ltsc.ieee.org/xsd/imsccv1p1/LOM/resource http://www.imsglobal.org/profile/cc/ccv1p1/LOM/ccv1p1_lomresource_v1p0.xsd http://www.imsglobal.org/xsd/imsmd_v1p2 http://www.imsglobal.org/xsd/imsmd_v1p2p2.xsd">
  <metadata>
    <schema>IMS Content</schema>
    <schemaversion>1.1.3</schemaversion>
    <imsmd:lom>
      <imsmd:general>
        <imsmd:title>
          <imsmd:string>QTI Quiz Export for course "2020FA-MATH-160-013: Calculus for Physical Scientists I (GT-MA1)"</imsmd:string>
        </imsmd:title>
      </imsmd:general>
      <imsmd:lifeCycle>
        <imsmd:contribute>
          <imsmd:date>
            <imsmd:dateTime>2020-12-02</imsmd:dateTime>
          </imsmd:date>
        </imsmd:contribute>
      </imsmd:lifeCycle>
      <imsmd:rights>
        <imsmd:copyrightAndOtherRestrictions>
          <imsmd:value>yes</imsmd:value>
        </imsmd:copyrightAndOtherRestrictions>
        <imsmd:description>
          <imsmd:string>Private (Copyrighted) - http://en.wikipedia.org/wiki/Copyright</imsmd:string>
        </imsmd:description>
      </imsmd:rights>
    </imsmd:lom>
  </metadata>
  <organizations/>
  <resources>
    <resource identifier="g61123201e3c44325b3ce932f779f28b2" type="imsqti_xmlv1p2">
      <file href="g61123201e3c44325b3ce932f779f28b2/g61123201e3c44325b3ce932f779f28b2.xml"/>
      <dependency identifierref="g9d4b9979f4a5c2ba0cb4bce5762ceef5"/>
    </resource>
    <resource identifier="g9d4b9979f4a5c2ba0cb4bce5762ceef5" type="associatedcontent/imscc_xmlv1p1/learning-application-resource" href="g61123201e3c44325b3ce932f779f28b2/assessment_meta.xml">
      <file href="g61123201e3c44325b3ce932f779f28b2/assessment_meta.xml"/>
    </resource>
    <resource identifier="g26adf860b9ba96aad2b66b1718efdf38" type="imsqti_xmlv1p2">
      <file href="g26adf860b9ba96aad2b66b1718efdf38/g26adf860b9ba96aad2b66b1718efdf38.xml"/>
      <dependency identifierref="g4d417e58c9834ecf08e23b46f818901f"/>
    </resource>
    <resource identifier="g4d417e58c9834ecf08e23b46f818901f" type="associatedcontent/imscc_xmlv1p1/learning-application-resource" href="g26adf860b9ba96aad2b66b1718efdf38/assessment_meta.xml">
      <file href="g26adf860b9ba96aad2b66b1718efdf38/assessment_meta.xml"/>
    </resource>
    <resource identifier="g8483d65145431f7faeaf8418523af49f" type="imsqti_xmlv1p2">
      <file href="g8483d65145431f7faeaf8418523af49f/g8483d65145431f7faeaf8418523af49f.xml"/>
      <dependency identifierref="ga20663a736c981d959b2a64639003ff3"/>
    </resource>
    <resource identifier="ga20663a736c981d959b2a64639003ff3" type="associatedcontent/imscc_xmlv1p1/learning-application-resource" href="g8483d65145431f7faeaf8418523af49f/assessment_meta.xml">
      <file href="g8483d65145431f7faeaf8418523af49f/assessment_meta.xml"/>
    </resource>
  </resources>
</manifest>
