<?xml version="1.0" encoding="UTF-8"?>
<manifest identifier="g9ac862744e814c884ec3a230bef3756f" xmlns="http://www.imsglobal.org/xsd/imsccv1p1/imscp_v1p1" xmlns:lom="http://ltsc.ieee.org/xsd/imsccv1p1/LOM/resource" xmlns:imsmd="http://www.imsglobal.org/xsd/imsmd_v1p2" xmlns:xsi="http://www.w3.org/2001/XMLSchema-instance" xsi:schemaLocation="http://www.imsglobal.org/xsd/imsccv1p1/imscp_v1p1 http://www.imsglobal.org/xsd/imscp_v1p1.xsd http://ltsc.ieee.org/xsd/imsccv1p1/LOM/resource http://www.imsglobal.org/profile/cc/ccv1p1/LOM/ccv1p1_lomresource_v1p0.xsd http://www.imsglobal.org/xsd/imsmd_v1p2 http://www.imsglobal.org/xsd/imsmd_v1p2p2.xsd">
  <metadata>
    <schema>IMS Content</schema>
    <schemaversion>1.1.3</schemaversion>
    <imsmd:lom>
      <imsmd:general>
        <imsmd:title>
          <imsmd:string>QTI Quiz Export for course "2020FA-MATH-160-017: Calculus for Physical Scientists I (GT-MA1)"</imsmd:string>
        </imsmd:title>
      </imsmd:general>
      <imsmd:lifeCycle>
        <imsmd:contribute>
          <imsmd:date>
            <imsmd:dateTime>2020-12-03</imsmd:dateTime>
          </imsmd:date>
        </imsmd:contribute>
      </imsmd:lifeCycle>
      <imsmd:rights>
        <imsmd:copyrightAndOtherRestrictions>
          <imsmd:value>yes</imsmd:value>
        </imsmd:copyrightAndOtherRestrictions>
        <imsmd:description>
          <imsmd:string>Private (Copyrighted) - http://en.wikipedia.org/wiki/Copyright</imsmd:string>
        </imsmd:description>
      </imsmd:rights>
    </imsmd:lom>
  </metadata>
  <organizations/>
  <resources>
    <resource identifier="g3d70c5c532ba8ce49741a4478a8f20e5" type="imsqti_xmlv1p2">
      <file href="g3d70c5c532ba8ce49741a4478a8f20e5/g3d70c5c532ba8ce49741a4478a8f20e5.xml"/>
      <dependency identifierref="g41983cfaa78d245f3139ab792ed10d3e"/>
    </resource>
    <resource identifier="g41983cfaa78d245f3139ab792ed10d3e" type="associatedcontent/imscc_xmlv1p1/learning-application-resource" href="g3d70c5c532ba8ce49741a4478a8f20e5/assessment_meta.xml">
      <file href="g3d70c5c532ba8ce49741a4478a8f20e5/assessment_meta.xml"/>
    </resource>
    <resource identifier="g3a747fcfb22649b571a6aad2810a6b23" type="webcontent" href="CourseSurvey.png">
      <file href="CourseSurvey.png"/>
    </resource>
  </resources>
</manifest>
