<?xml version="1.0" encoding="UTF-8"?>
<questestinterop xmlns="http://www.imsglobal.org/xsd/ims_qtiasiv1p2" xmlns:xsi="http://www.w3.org/2001/XMLSchema-instance" xsi:schemaLocation="http://www.imsglobal.org/xsd/ims_qtiasiv1p2 http://www.imsglobal.org/xsd/ims_qtiasiv1p2p1.xsd">
  <assessment ident="g26adf860b9ba96aad2b66b1718efdf38" title="I3ReassessW13">
    <qtimetadata>
      <qtimetadatafield>
        <fieldlabel>qmd_timelimit</fieldlabel>
        <fieldentry>12</fieldentry>
      </qtimetadatafield>
      <qtimetadatafield>
        <fieldlabel>cc_maxattempts</fieldlabel>
        <fieldentry>1</fieldentry>
      </qtimetadatafield>
    </qtimetadata>
    <section ident="root_section">
      <item ident="gbc287fa919c382142692fec9cf02883d" title="Question">
        <itemmetadata>
          <qtimetadata>
            <qtimetadatafield>
              <fieldlabel>question_type</fieldlabel>
              <fieldentry>file_upload_question</fieldentry>
            </qtimetadatafield>
            <qtimetadatafield>
              <fieldlabel>points_possible</fieldlabel>
              <fieldentry>1.0</fieldentry>
            </qtimetadatafield>
            <qtimetadatafield>
              <fieldlabel>original_answer_ids</fieldlabel>
              <fieldentry></fieldentry>
            </qtimetadatafield>
            <qtimetadatafield>
              <fieldlabel>assessment_question_identifierref</fieldlabel>
              <fieldentry>g901a2be95cd3429c2385036e6f98eea5</fieldentry>
            </qtimetadatafield>
          </qtimetadata>
        </itemmetadata>
        <presentation>
          <material>
            <mattext texttype="text/html">&lt;div&gt;
&lt;p&gt;Evaluate&lt;/p&gt;
&lt;p&gt;&lt;img class="equation_image" title="\displaystyle \int_{-3}^0 - \sqrt{9 - x^2} \, dx" src="https://colostate.instructure.com/equation_images/%255Cdisplaystyle%2520%255Cint_%257B-3%257D%255E0%2520-%2520%255Csqrt%257B9%2520-%2520x%255E2%257D%2520%255C%252C%2520dx" alt="LaTeX: \displaystyle \int_{-3}^0 - \sqrt{9 - x^2} \, dx" data-equation-content="\displaystyle \int_{-3}^0 - \sqrt{9 - x^2} \, dx"&gt;&lt;/p&gt;
&lt;p&gt;using geometry.&lt;/p&gt;
&lt;/div&gt;</mattext>
          </material>
        </presentation>
        <resprocessing>
          <outcomes>
            <decvar maxvalue="100" minvalue="0" varname="SCORE" vartype="Decimal"/>
          </outcomes>
        </resprocessing>
      </item>
    </section>
  </assessment>
</questestinterop>
